Address,City,State,PostalCode
123 Main St,New York,NY,10001
456 Elm Street,Los Angeles,CA,90001
789 Oak Ave,Chicago,IL,60601
101 Pine Rd,Houston,TX,77001
202 Maple Blvd,Phoenix,AZ,85001
303 Cedar Ln,Philadelphia,PA,19101
404 Birch St,San Antonio,TX,78201
505 Spruce Ave,San Diego,CA,92101
606 Walnut Dr,Dallas,TX,75201
707 Cherry St,San Jose,CA,95101
808 Ash Rd,Austin,TX,73301
909 Poplar Ave,Jacksonville,FL,32099
111 Willow Ln,Fort Worth,TX,76101
222 Sycamore St,Columbus,OH,43085
333 Magnolia Blvd,Charlotte,NC,28201
444 Dogwood Dr,San Francisco,CA,94016
555 Redwood Rd,Indianapolis,IN,46201
666 Sequoia Ave,Seattle,WA,98101
777 Fir St,Denver,CO,80201
888 Hemlock Ln,Washington,DC,20001
999 Juniper Rd,Boston,MA,2108
1000 Cypress Ave,El Paso,TX,79901
1100 Spruce St,Nashville,TN,37201
1200 Pinecone Dr,Detroit,MI,48201
1300 Acorn Blvd,Portland,OR,97035
1400 Chestnut Rd,Memphis,TN,37501
1500 Hickory Ln,Oklahoma City,OK,73101
1600 Pecan St,Las Vegas,NV,88901
1700 Walnut Ave,Louisville,KY,40201
1800 Cedar Blvd,Baltimore,MD,21201
1900 Maple Dr,Milwaukee,WI,53201
2000 Oak Ln,Albuquerque,NM,87101
2100 Birch Rd,Tucson,AZ,85641
2200 Poplar Ave,Fresno,CA,93650
2300 Willow St,Sacramento,CA,94203
2400 Sycamore Blvd,Kansas City,MO,64101
2500 Magnolia Dr,Atlanta,GA,30301
2600 Dogwood Rd,Miami,FL,33101
2700 Redwood Ln,Raleigh,NC,27601
2800 Sequoia Ave,Omaha,NE,68101
2900 Fir Blvd,Minneapolis,MN,55401
3000 Hemlock Dr,Tulsa,OK,74101
3100 Juniper Rd,Wichita,KS,67201
3200 Cypress Ave,New Orleans,LA,70112
3300 Spruce St,Arlington,TX,76001
3400 Pinecone Blvd,Cleveland,OH,44101
3500 Acorn Ln,Bakersfield,CA,93301
3600 Chestnut Rd,Tampa,FL,33601
3700 Hickory Ave,Aurora,CO,80010
3800 Pecan Blvd,Honolulu,HI,96801
3900 Walnut Dr,Anaheim,CA,92801
4000 Cedar Ln,Santa Ana,CA,92701
4100 Maple Rd,Corpus Christi,TX,78401
4200 Oak Ave,Riverside,CA,92501
4300 Birch Blvd,Lexington,KY,40502
4400 Poplar Dr,Stockton,CA,95201
4500 Willow Rd,Pittsburgh,PA,15201
4600 Sycamore Ave,St. Louis,MO,63101
4700 Magnolia Ln,Cincinnati,OH,45201
4800 Dogwood Blvd,Henderson,NV,89002
4900 Redwood Rd,Greensboro,NC,27401
5000 Sequoia Dr,Plano,TX,75023
5100 Fir Ave,Newark,NJ,7101
5200 Hemlock Rd,Lincoln,NE,68501
5300 Juniper Blvd,Orlando,FL,32801
5400 Cypress Ln,Irvine,CA,92602
5500 Spruce Dr,Toledo,OH,43601
5600 Pinecone Ave,Jersey City,NJ,7302
5700 Acorn Rd,Chula Vista,CA,91909
5800 Chestnut Ln,Buffalo,NY,14201
5900 Hickory Blvd,Fort Wayne,IN,46801
6000 Pecan Ave,Chandler,AZ,85224
6100 Walnut Rd,Laredo,TX,78040
6200 Cedar Dr,Norfolk,VA,23501
6300 Maple Ln,Durham,NC,27701
6400 Oak Rd,Madison,WI,53701
6500 Birch Ave,Lubbock,TX,79401
6600 Poplar Blvd,Gilbert,AZ,85233
6700 Willow Dr,Reno,NV,89501
6800 Sycamore Rd,North Las Vegas,NV,89030
6900 Magnolia Ave,Chesapeake,VA,23320
7000 Dogwood Ln,Garland,TX,75040
7100 Redwood Blvd,Scottsdale,AZ,85250
7200 Sequoia Rd,Irving,TX,75014
7300 Fir Dr,Fremont,CA,94536
7400 Hemlock Ave,Boise,ID,83701
7500 Juniper Ln,Richmond,VA,23218
7600 Cypress Rd,Baton Rouge,LA,70801
7700 Spruce Blvd,Spokane,WA,99201
7800 Pinecone Dr,Des Moines,IA,50301
7900 Acorn Ave,Tacoma,WA,98401
8000 Chestnut Rd,San Bernardino,CA,92401
8100 Hickory Ln,Modesto,CA,95350
8200 Pecan Blvd,Fontana,CA,92335
8300 Walnut Dr,Fayetteville,NC,28301
8400 Cedar Ave,Moreno Valley,CA,92551
8500 Maple Rd,Santa Clarita,CA,91350
8600 Oak Ln,Port St. Lucie,FL,34952
8700 Birch Blvd,Frisco,TX,75033
8800 Poplar Dr,Huntington Beach,CA,92646
8900 Willow Rd,Yonkers,NY,10701
9000 Sycamore Ave,Glendale,AZ,85301
9100 Magnolia Ln,Aurora,IL,60502
9200 Dogwood Rd,Montgomery,AL,36101
9300 Redwood Blvd,Amarillo,TX,79101
9400 Sequoia Dr,Little Rock,AR,72201
9500 Fir Ave,Oxnard,CA,93030
9600 Hemlock Rd,Akron,OH,44301
9700 Juniper Ln,Shreveport,LA,71101
9800 Cypress Blvd,Augusta,GA,30901
9900 Spruce Dr,Grand Rapids,MI,49501
10000 Pinecone Ave,Mobile,AL,36601
